{
    "comment": [
        "tile_id == 0 means whole texture will be rendered"
    ],
    "data": {
        "OPEN": {
            "texture_id": 0,
            "tile_id": 0
        },
        "LEFT": {
            "texture_id": 1,
            "tile_id": 0
        },
        "CENTER": {
            "texture_id": 2,
            "tile_id": 0
        },
        "RIGHT": {
            "texture_id": 3,
            "tile_id": 0
        },
        "tHERO_FRONT_1": {
            "texture_id": 4,
            "tile_id": 1
        },
        "tHERO_FRONT_2": {
            "texture_id": 4,
            "tile_id": 2
        },
        "tHERO_FRONT_3": {
            "texture_id": 4,
            "tile_id": 3
        },
        "tHERO_FRONT_4": {
            "texture_id": 4,
            "tile_id": 4
        },
        "tHERO_LEFT_1": {
            "texture_id": 4,
            "tile_id": 5
        },
        "tHERO_LEFT_2": {
            "texture_id": 4,
            "tile_id": 6
        },
        "tHERO_LEFT_3": {
            "texture_id": 4,
            "tile_id": 7
        },
        "tHERO_LEFT_4": {
            "texture_id": 4,
            "tile_id": 8
        },
        "tHERO_RIGHT_1": {
            "texture_id": 4,
            "tile_id": 9
        },
        "tHERO_RIGHT_2": {
            "texture_id": 4,
            "tile_id": 10
        },
        "tHERO_RIGHT_3": {
            "texture_id": 4,
            "tile_id": 11
        },
        "tHERO_RIGHT_4": {
            "texture_id": 4,
            "tile_id": 12
        },
        "tHERO_BACK_1": {
            "texture_id": 4,
            "tile_id": 13
        },
        "tHERO_BACK_2": {
            "texture_id": 4,
            "tile_id": 14
        },
        "tHERO_BACK_3": {
            "texture_id": 4,
            "tile_id": 15
        },
        "tHERO_BACK_4": {
            "texture_id": 4,
            "tile_id": 16
        },
        "tICON_KEY_YELLOW": {
            "texture_id": 5,
            "tile_id": 17
        },
        "tICON_KEY_BLUE": {
            "texture_id": 5,
            "tile_id": 18
        },
        "tICON_KEY_RED": {
            "texture_id": 5,
            "tile_id": 19
        },
        "tICON_KEY_ALL": {
            "texture_id": 5,
            "tile_id": 20
        },
        "tICON_SWORD_1": {
            "texture_id": 5,
            "tile_id": 21
        },
        "tICON_SWORD_2": {
            "texture_id": 5,
            "tile_id": 22
        },
        "tICON_SWORD_3": {
            "texture_id": 5,
            "tile_id": 23
        },
        "tICON_SHIELD_1": {
            "texture_id": 5,
            "tile_id": 24
        },
        "tICON_SHIELD_2": {
            "texture_id": 5,
            "tile_id": 25
        },
        "tICON_SHIELD_3": {
            "texture_id": 5,
            "tile_id": 26
        },
        "tICON_SAPPHIRE": {
            "texture_id": 5,
            "tile_id": 27
        },
        "tICON_RUBY": {
            "texture_id": 5,
            "tile_id": 28
        },
        "tICON_COIN": {
            "texture_id": 5,
            "tile_id": 29
        },
        "tICON_ENEMY_INFO": {
            "texture_id": 5,
            "tile_id": 30
        },
        "tICON_POTION_RED": {
            "texture_id": 5,
            "tile_id": 31
        },
        "tICON_POTION_BLUE": {
            "texture_id": 5,
            "tile_id": 32
        },
        "tICON_TIME": {
            "texture_id": 5,
            "tile_id": 33
        },
        "tICON_STOREY": {
            "texture_id": 5,
            "tile_id": 34
        },
        "tICON_STEP": {
            "texture_id": 5,
            "tile_id": 35
        },
        "tICON_LEVEL": {
            "texture_id": 5,
            "tile_id": 36
        },
        "tICON_STICK": {
            "texture_id": 5,
            "tile_id": 37
        },
        "tICON_FLOOR": {
            "texture_id": 5,
            "tile_id": 38
        },
        "tICON_DAMAGE": {
            "texture_id": 5,
            "tile_id": 39
        },
        "tICON_CROSS": {
            "texture_id": 5,
            "tile_id": 40
        },
        "tICON_FLY": {
            "texture_id": 5,
            "tile_id": 41
        },
        "tICON_DRINK": {
            "texture_id": 5,
            "tile_id": 42
        },
        "tICON_HEART": {
            "texture_id": 5,
            "tile_id": 43
        },
        "tICON_EXPR": {
            "texture_id": 5,
            "tile_id": 44
        },
        "tMAP_GROUND": {
            "texture_id": 6,
            "tile_id": 45
        },
        "tMAP_WALL_BROWN": {
            "texture_id": 6,
            "tile_id": 46
        },
        "tMAP_WALL_LIGHTGRAY": {
            "texture_id": 6,
            "tile_id": 47
        },
        "tMAP_WALL_DARKGRAY": {
            "texture_id": 6,
            "tile_id": 48
        },
        "tMAP_SKY": {
            "texture_id": 6,
            "tile_id": 49
        },
        "tMAP_BLOOD_POOL": {
            "texture_id": 6,
            "tile_id": 50
        },
        "tMAP_GLASS": {
            "texture_id": 6,
            "tile_id": 51
        },
        "tMAP_GLASS_BLUE": {
            "texture_id": 6,
            "tile_id": 52
        },
        "tMAP_DOOR_YELLOW_1": {
            "texture_id": 6,
            "tile_id": 53
        },
        "tMAP_DOOR_YELLOW_2": {
            "texture_id": 6,
            "tile_id": 54
        },
        "tMAP_DOOR_YELLOW_3": {
            "texture_id": 6,
            "tile_id": 55
        },
        "tMAP_DOOR_YELLOW_4": {
            "texture_id": 6,
            "tile_id": 56
        },
        "tMAP_DOOR_RED_1": {
            "texture_id": 6,
            "tile_id": 57
        },
        "tMAP_DOOR_RED_2": {
            "texture_id": 6,
            "tile_id": 58
        },
        "tMAP_DOOR_RED_3": {
            "texture_id": 6,
            "tile_id": 59
        },
        "tMAP_DOOR_RED_4": {
            "texture_id": 6,
            "tile_id": 60
        },
        "tMAP_DOOR_BLUE_1": {
            "texture_id": 6,
            "tile_id": 61
        },
        "tMAP_DOOR_BLUE_2": {
            "texture_id": 6,
            "tile_id": 62
        },
        "tMAP_DOOR_BLUE_3": {
            "texture_id": 6,
            "tile_id": 63
        },
        "tMAP_DOOR_BLUE_4": {
            "texture_id": 6,
            "tile_id": 64
        },
        "tMAP_DOOR_SPECIAL_1": {
            "texture_id": 6,
            "tile_id": 65
        },
        "tMAP_DOOR_SPECIAL_2": {
            "texture_id": 6,
            "tile_id": 66
        },
        "tMAP_DOOR_SPECIAL_3": {
            "texture_id": 6,
            "tile_id": 67
        },
        "tMAP_DOOR_SPECIAL_4": {
            "texture_id": 6,
            "tile_id": 68
        },
        "tMAP_STAIR_DOWN": {
            "texture_id": 6,
            "tile_id": 69
        },
        "tMAP_STAIR_UP": {
            "texture_id": 6,
            "tile_id": 70
        },
        "tMAP_SHOP_LEFT": {
            "texture_id": 6,
            "tile_id": 71
        },
        "tMAP_SHOP_ON": {
            "texture_id": 6,
            "tile_id": 72
        },
        "tMAP_SHOP_RIGHT": {
            "texture_id": 6,
            "tile_id": 73
        },
        "tMAP_SHOP_OFF": {
            "texture_id": 6,
            "tile_id": 74
        },
        "tMON_SLIME_GREEN_1": {
            "texture_id": 7,
            "tile_id": 75
        },
        "tMON_SLIME_GREEN_2": {
            "texture_id": 7,
            "tile_id": 76
        },
        "tMON_SLIME_GREEN_3": {
            "texture_id": 7,
            "tile_id": 77
        },
        "tMON_SLIME_GREEN_4": {
            "texture_id": 7,
            "tile_id": 78
        },
        "tMON_SLIME_RED_1": {
            "texture_id": 7,
            "tile_id": 79
        },
        "tMON_SLIME_RED_2": {
            "texture_id": 7,
            "tile_id": 80
        },
        "tMON_SLIME_RED_3": {
            "texture_id": 7,
            "tile_id": 81
        },
        "tMON_SLIME_RED_4": {
            "texture_id": 7,
            "tile_id": 82
        },
        "tMON_SLIME_BLACK_1": {
            "texture_id": 7,
            "tile_id": 83
        },
        "tMON_SLIME_BLACK_2": {
            "texture_id": 7,
            "tile_id": 84
        },
        "tMON_SLIME_BLACK_3": {
            "texture_id": 7,
            "tile_id": 85
        },
        "tMON_SLIME_BLACK_4": {
            "texture_id": 7,
            "tile_id": 86
        },
        "tMON_SLIME_KING_1": {
            "texture_id": 7,
            "tile_id": 87
        },
        "tMON_SLIME_KING_2": {
            "texture_id": 7,
            "tile_id": 88
        },
        "tMON_SLIME_KING_3": {
            "texture_id": 7,
            "tile_id": 89
        },
        "tMON_SLIME_KING_4": {
            "texture_id": 7,
            "tile_id": 90
        },
        "tMON_BAT_1": {
            "texture_id": 7,
            "tile_id": 91
        },
        "tMON_BAT_2": {
            "texture_id": 7,
            "tile_id": 92
        },
        "tMON_BAT_3": {
            "texture_id": 7,
            "tile_id": 93
        },
        "tMON_BAT_4": {
            "texture_id": 7,
            "tile_id": 94
        },
        "tMON_BAT_LARGE_1": {
            "texture_id": 7,
            "tile_id": 95
        },
        "tMON_BAT_LARGE_2": {
            "texture_id": 7,
            "tile_id": 96
        },
        "tMON_BAT_LARGE_3": {
            "texture_id": 7,
            "tile_id": 97
        },
        "tMON_BAT_LARGE_4": {
            "texture_id": 7,
            "tile_id": 98
        },
        "tMON_BAT_RED_1": {
            "texture_id": 7,
            "tile_id": 99
        },
        "tMON_BAT_RED_2": {
            "texture_id": 7,
            "tile_id": 100
        },
        "tMON_BAT_RED_3": {
            "texture_id": 7,
            "tile_id": 101
        },
        "tMON_BAT_RED_4": {
            "texture_id": 7,
            "tile_id": 102
        },
        "tMON_DARK_KING_1": {
            "texture_id": 7,
            "tile_id": 103
        },
        "tMON_DARK_KING_2": {
            "texture_id": 7,
            "tile_id": 104
        },
        "tMON_DARK_KING_3": {
            "texture_id": 7,
            "tile_id": 105
        },
        "tMON_DARK_KING_4": {
            "texture_id": 7,
            "tile_id": 106
        },
        "tMON_WIZARD_BLUE_1": {
            "texture_id": 7,
            "tile_id": 107
        },
        "tMON_WIZARD_BLUE_2": {
            "texture_id": 7,
            "tile_id": 108
        },
        "tMON_WIZARD_BLUE_3": {
            "texture_id": 7,
            "tile_id": 109
        },
        "tMON_WIZARD_BLUE_4": {
            "texture_id": 7,
            "tile_id": 110
        },
        "tMON_WIZARD_RED_1": {
            "texture_id": 7,
            "tile_id": 111
        },
        "tMON_WIZARD_RED_2": {
            "texture_id": 7,
            "tile_id": 112
        },
        "tMON_WIZARD_RED_3": {
            "texture_id": 7,
            "tile_id": 113
        },
        "tMON_WIZARD_RED_4": {
            "texture_id": 7,
            "tile_id": 114
        },
        "tMON_MAGE_YELLOW_1": {
            "texture_id": 7,
            "tile_id": 115
        },
        "tMON_MAGE_YELLOW_2": {
            "texture_id": 7,
            "tile_id": 116
        },
        "tMON_MAGE_YELLOW_3": {
            "texture_id": 7,
            "tile_id": 117
        },
        "tMON_MAGE_YELLOW_4": {
            "texture_id": 7,
            "tile_id": 118
        },
        "tMON_MAGE_RED_1": {
            "texture_id": 7,
            "tile_id": 119
        },
        "tMON_MAGE_RED_2": {
            "texture_id": 7,
            "tile_id": 120
        },
        "tMON_MAGE_RED_3": {
            "texture_id": 7,
            "tile_id": 121
        },
        "tMON_MAGE_RED_4": {
            "texture_id": 7,
            "tile_id": 122
        },
        "tMON_SKELETON_1": {
            "texture_id": 7,
            "tile_id": 123
        },
        "tMON_SKELETON_2": {
            "texture_id": 7,
            "tile_id": 124
        },
        "tMON_SKELETON_3": {
            "texture_id": 7,
            "tile_id": 125
        },
        "tMON_SKELETON_4": {
            "texture_id": 7,
            "tile_id": 126
        },
        "tMON_SKELETON_WARRIOR_1": {
            "texture_id": 7,
            "tile_id": 127
        },
        "tMON_SKELETON_WARRIOR_2": {
            "texture_id": 7,
            "tile_id": 128
        },
        "tMON_SKELETON_WARRIOR_3": {
            "texture_id": 7,
            "tile_id": 129
        },
        "tMON_SKELETON_WARRIOR_4": {
            "texture_id": 7,
            "tile_id": 130
        },
        "tMON_SKELETON_WARRIOR_YELLOW_1": {
            "texture_id": 7,
            "tile_id": 131
        },
        "tMON_SKELETON_WARRIOR_YELLOW_2": {
            "texture_id": 7,
            "tile_id": 132
        },
        "tMON_SKELETON_WARRIOR_YELLOW_3": {
            "texture_id": 7,
            "tile_id": 133
        },
        "tMON_SKELETON_WARRIOR_YELLOW_4": {
            "texture_id": 7,
            "tile_id": 134
        },
        "tMON_SKELETON_ARMOR_1": {
            "texture_id": 7,
            "tile_id": 135
        },
        "tMON_SKELETON_ARMOR_2": {
            "texture_id": 7,
            "tile_id": 136
        },
        "tMON_SKELETON_ARMOR_3": {
            "texture_id": 7,
            "tile_id": 137
        },
        "tMON_SKELETON_ARMOR_4": {
            "texture_id": 7,
            "tile_id": 138
        },
        "tMON_ZOMBIE_1": {
            "texture_id": 7,
            "tile_id": 139
        },
        "tMON_ZOMBIE_2": {
            "texture_id": 7,
            "tile_id": 140
        },
        "tMON_ZOMBIE_3": {
            "texture_id": 7,
            "tile_id": 141
        },
        "tMON_ZOMBIE_4": {
            "texture_id": 7,
            "tile_id": 142
        },
        "tMON_ZOMBIE_WARRIOR_1": {
            "texture_id": 7,
            "tile_id": 143
        },
        "tMON_ZOMBIE_WARRIOR_2": {
            "texture_id": 7,
            "tile_id": 144
        },
        "tMON_ZOMBIE_WARRIOR_3": {
            "texture_id": 7,
            "tile_id": 145
        },
        "tMON_ZOMBIE_WARRIOR_4": {
            "texture_id": 7,
            "tile_id": 146
        },
        "tMON_STONE_1": {
            "texture_id": 7,
            "tile_id": 147
        },
        "tMON_STONE_2": {
            "texture_id": 7,
            "tile_id": 148
        },
        "tMON_STONE_3": {
            "texture_id": 7,
            "tile_id": 149
        },
        "tMON_STONE_4": {
            "texture_id": 7,
            "tile_id": 150
        },
        "tMON_SHADOW_WARRIOR_1": {
            "texture_id": 7,
            "tile_id": 151
        },
        "tMON_SHADOW_WARRIOR_2": {
            "texture_id": 7,
            "tile_id": 152
        },
        "tMON_SHADOW_WARRIOR_3": {
            "texture_id": 7,
            "tile_id": 153
        },
        "tMON_SHADOW_WARRIOR_4": {
            "texture_id": 7,
            "tile_id": 154
        },
        "tMON_GUARD_YELLOW_1": {
            "texture_id": 7,
            "tile_id": 155
        },
        "tMON_GUARD_YELLOW_2": {
            "texture_id": 7,
            "tile_id": 156
        },
        "tMON_GUARD_YELLOW_3": {
            "texture_id": 7,
            "tile_id": 157
        },
        "tMON_GUARD_YELLOW_4": {
            "texture_id": 7,
            "tile_id": 158
        },
        "tMON_GUARD_BLUE_1": {
            "texture_id": 7,
            "tile_id": 159
        },
        "tMON_GUARD_BLUE_2": {
            "texture_id": 7,
            "tile_id": 160
        },
        "tMON_GUARD_BLUE_3": {
            "texture_id": 7,
            "tile_id": 161
        },
        "tMON_GUARD_BLUE_4": {
            "texture_id": 7,
            "tile_id": 162
        },
        "tMON_GUARD_RED_1": {
            "texture_id": 7,
            "tile_id": 163
        },
        "tMON_GUARD_RED_2": {
            "texture_id": 7,
            "tile_id": 164
        },
        "tMON_GUARD_RED_3": {
            "texture_id": 7,
            "tile_id": 165
        },
        "tMON_GUARD_RED_4": {
            "texture_id": 7,
            "tile_id": 166
        },
        "tMON_ROGUE_1": {
            "texture_id": 7,
            "tile_id": 167
        },
        "tMON_ROGUE_2": {
            "texture_id": 7,
            "tile_id": 168
        },
        "tMON_ROGUE_3": {
            "texture_id": 7,
            "tile_id": 169
        },
        "tMON_ROGUE_4": {
            "texture_id": 7,
            "tile_id": 170
        },
        "tMON_SOLDIER_1": {
            "texture_id": 7,
            "tile_id": 171
        },
        "tMON_SOLDIER_2": {
            "texture_id": 7,
            "tile_id": 172
        },
        "tMON_SOLDIER_3": {
            "texture_id": 7,
            "tile_id": 173
        },
        "tMON_SOLDIER_4": {
            "texture_id": 7,
            "tile_id": 174
        },
        "tMON_KNIGHT_YELLOW_1": {
            "texture_id": 7,
            "tile_id": 175
        },
        "tMON_KNIGHT_YELLOW_2": {
            "texture_id": 7,
            "tile_id": 176
        },
        "tMON_KNIGHT_YELLOW_3": {
            "texture_id": 7,
            "tile_id": 177
        },
        "tMON_KNIGHT_YELLOW_4": {
            "texture_id": 7,
            "tile_id": 178
        },
        "tMON_KNIGHT_RED_1": {
            "texture_id": 7,
            "tile_id": 179
        },
        "tMON_KNIGHT_RED_2": {
            "texture_id": 7,
            "tile_id": 180
        },
        "tMON_KNIGHT_RED_3": {
            "texture_id": 7,
            "tile_id": 181
        },
        "tMON_KNIGHT_RED_4": {
            "texture_id": 7,
            "tile_id": 182
        },
        "tMON_KNIGHT_DARK_1": {
            "texture_id": 7,
            "tile_id": 183
        },
        "tMON_KNIGHT_DARK_2": {
            "texture_id": 7,
            "tile_id": 184
        },
        "tMON_KNIGHT_DARK_3": {
            "texture_id": 7,
            "tile_id": 185
        },
        "tMON_KNIGHT_DARK_4": {
            "texture_id": 7,
            "tile_id": 186
        },
        "tMON_SORCERER_RED_1": {
            "texture_id": 7,
            "tile_id": 187
        },
        "tMON_SORCERER_RED_2": {
            "texture_id": 7,
            "tile_id": 188
        },
        "tMON_SORCERER_RED_3": {
            "texture_id": 7,
            "tile_id": 189
        },
        "tMON_SORCERER_RED_4": {
            "texture_id": 7,
            "tile_id": 190
        },
        "tMON_SORCERER_BLUE_1": {
            "texture_id": 7,
            "tile_id": 191
        },
        "tMON_SORCERER_BLUE_2": {
            "texture_id": 7,
            "tile_id": 192
        },
        "tMON_SORCERER_BLUE_3": {
            "texture_id": 7,
            "tile_id": 193
        },
        "tMON_SORCERER_BLUE_4": {
            "texture_id": 7,
            "tile_id": 194
        },
        "tMON_BISHOP_1": {
            "texture_id": 7,
            "tile_id": 195
        },
        "tMON_BISHOP_2": {
            "texture_id": 7,
            "tile_id": 196
        },
        "tMON_BISHOP_3": {
            "texture_id": 7,
            "tile_id": 197
        },
        "tMON_BISHOP_4": {
            "texture_id": 7,
            "tile_id": 198
        },
        "tMON_SLIME_GOLD_1": {
            "texture_id": 7,
            "tile_id": 199
        },
        "tMON_SLIME_GOLD_2": {
            "texture_id": 7,
            "tile_id": 200
        },
        "tMON_SLIME_GOLD_3": {
            "texture_id": 7,
            "tile_id": 201
        },
        "tMON_SLIME_GOLD_4": {
            "texture_id": 7,
            "tile_id": 202
        },
        "tMON_SKELETON_WARRIOR_PURPLE_1": {
            "texture_id": 7,
            "tile_id": 203
        },
        "tMON_SKELETON_WARRIOR_PURPLE_2": {
            "texture_id": 7,
            "tile_id": 204
        },
        "tMON_SKELETON_WARRIOR_PURPLE_3": {
            "texture_id": 7,
            "tile_id": 205
        },
        "tMON_SKELETON_WARRIOR_PURPLE_4": {
            "texture_id": 7,
            "tile_id": 206
        },
        "tMON_BAT_PURPLE_1": {
            "texture_id": 7,
            "tile_id": 207
        },
        "tMON_BAT_PURPLE_2": {
            "texture_id": 7,
            "tile_id": 208
        },
        "tMON_BAT_PURPLE_3": {
            "texture_id": 7,
            "tile_id": 209
        },
        "tMON_BAT_PURPLE_4": {
            "texture_id": 7,
            "tile_id": 210
        },
        "tMON_STONE_DARK_1": {
            "texture_id": 7,
            "tile_id": 211
        },
        "tMON_STONE_DARK_2": {
            "texture_id": 7,
            "tile_id": 212
        },
        "tMON_STONE_DARK_3": {
            "texture_id": 7,
            "tile_id": 213
        },
        "tMON_STONE_DARK_4": {
            "texture_id": 7,
            "tile_id": 214
        },
        "tMON_ZOMBIE_GREEN_1": {
            "texture_id": 7,
            "tile_id": 215
        },
        "tMON_ZOMBIE_GREEN_2": {
            "texture_id": 7,
            "tile_id": 216
        },
        "tMON_ZOMBIE_GREEN_3": {
            "texture_id": 7,
            "tile_id": 217
        },
        "tMON_ZOMBIE_GREEN_4": {
            "texture_id": 7,
            "tile_id": 218
        },
        "tMON_SORCERER_DARK_1": {
            "texture_id": 7,
            "tile_id": 219
        },
        "tMON_SORCERER_DARK_2": {
            "texture_id": 7,
            "tile_id": 220
        },
        "tMON_SORCERER_DARK_3": {
            "texture_id": 7,
            "tile_id": 221
        },
        "tMON_SORCERER_DARK_4": {
            "texture_id": 7,
            "tile_id": 222
        },
        "tMON_SORCERER_GOLD_1": {
            "texture_id": 7,
            "tile_id": 223
        },
        "tMON_SORCERER_GOLD_2": {
            "texture_id": 7,
            "tile_id": 224
        },
        "tMON_SORCERER_GOLD_3": {
            "texture_id": 7,
            "tile_id": 225
        },
        "tMON_SORCERER_GOLD_4": {
            "texture_id": 7,
            "tile_id": 226
        },
        "tMON_SORCERER_GREEN_1": {
            "texture_id": 7,
            "tile_id": 227
        },
        "tMON_SORCERER_GREEN_2": {
            "texture_id": 7,
            "tile_id": 228
        },
        "tMON_SORCERER_GREEN_3": {
            "texture_id": 7,
            "tile_id": 229
        },
        "tMON_SORCERER_GREEN_4": {
            "texture_id": 7,
            "tile_id": 230
        },
        "tMON_KNIGHT_BLUE_1": {
            "texture_id": 7,
            "tile_id": 231
        },
        "tMON_KNIGHT_BLUE_2": {
            "texture_id": 7,
            "tile_id": 232
        },
        "tMON_KNIGHT_BLUE_3": {
            "texture_id": 7,
            "tile_id": 233
        },
        "tMON_KNIGHT_BLUE_4": {
            "texture_id": 7,
            "tile_id": 234
        },
        "tNPC_SAGE_1": {
            "texture_id": 8,
            "tile_id": 235
        },
        "tNPC_SAGE_2": {
            "texture_id": 8,
            "tile_id": 236
        },
        "tNPC_SAGE_3": {
            "texture_id": 8,
            "tile_id": 237
        },
        "tNPC_SAGE_4": {
            "texture_id": 8,
            "tile_id": 238
        },
        "tNPC_MERCHANT_1": {
            "texture_id": 8,
            "tile_id": 239
        },
        "tNPC_MERCHANT_2": {
            "texture_id": 8,
            "tile_id": 240
        },
        "tNPC_MERCHANT_3": {
            "texture_id": 8,
            "tile_id": 241
        },
        "tNPC_MERCHANT_4": {
            "texture_id": 8,
            "tile_id": 242
        },
        "tNPC_WARRIOR_1": {
            "texture_id": 8,
            "tile_id": 243
        },
        "tNPC_WARRIOR_2": {
            "texture_id": 8,
            "tile_id": 244
        },
        "tNPC_WARRIOR_3": {
            "texture_id": 8,
            "tile_id": 245
        },
        "tNPC_WARRIOR_4": {
            "texture_id": 8,
            "tile_id": 246
        },
        "tNPC_FAIRY_1": {
            "texture_id": 8,
            "tile_id": 247
        },
        "tNPC_FAIRY_2": {
            "texture_id": 8,
            "tile_id": 248
        },
        "tNPC_FAIRY_3": {
            "texture_id": 8,
            "tile_id": 249
        },
        "tNPC_FAIRY_4": {
            "texture_id": 8,
            "tile_id": 250
        },
        "tNPC_PRINCESS_1": {
            "texture_id": 8,
            "tile_id": 251
        },
        "tNPC_PRINCESS_2": {
            "texture_id": 8,
            "tile_id": 252
        },
        "tNPC_PRINCESS_3": {
            "texture_id": 8,
            "tile_id": 253
        },
        "tNPC_PRINCESS_4": {
            "texture_id": 8,
            "tile_id": 254
        }
    }
}