{
    "comment": [
        "assign basic stats to each item/enemy/hero"
    ],
    "config_hero": {
        "attack": 10,
        "defense": 10,
        "health": 1000
    },
    "item_sword_1": {
        "attack": 8,
        "defense": 0,
        "health": 0
    },
    "item_sword_2": {
        "attack": 26,
        "defense": 0,
        "health": 0
    },
    "item_sword_3": {
        "attack": 56,
        "defense": 0,
        "health": 0
    },
    "item_shield_1": {
        "attack": 0,
        "defense": 7,
        "health": 0
    },
    "item_shield_2": {
        "attack": 0,
        "defense": 20,
        "health": 0
    },
    "item_shield_3": {
        "attack": 0,
        "defense": 42,
        "health": 0
    },
    "item_jewel_blue": {
        "attack": 0,
        "defense": 2,
        "health": 0
    },
    "item_jewel_red": {
        "attack": 2,
        "defense": 0,
        "health": 0
    },
    "item_potion_red": {
        "attack": 0,
        "defense": 0,
        "health": 150
    },
    "item_potion_blue": {
        "attack": 0,
        "defense": 0,
        "health": 400
    },
    "monster_slime_cyan": {
        "attack": 18,
        "defense": 2,
        "health": 40
    },
    "monster_slime_red": {
        "attack": 20,
        "defense": 4,
        "health": 55
    },
    "monster_slime_black": {
        "attack": 55,
        "defense": 8,
        "health": 60
    },
    "monster_slime_king":{
        "attack": 155,
        "defense": 45,
        "health": 230
    },

    "monster_bat": {
        "attack": 40,
        "defense": 4,
        "health": 45
    },
    "monster_big_bat": {
        "attack": 60,
        "defense": 12,
        "health": 65
    },
    "monster_red_bat": {
        "attack": 185,
        "defense": 30,
        "health": 350
    },
    "monster_vampire": {
        "attack": 320,
        "defense": 170,
        "health": 2350
    },

    "monster_sorcerer": {
        "attack": 10,
        "defense": 10,
        "health": 80
    },
    "monster_sorcerer_red": {
        "attack": 50,
        "defense": 110,
        "health": 410
    },

    "monster_mage": {
        "attack": 150,
        "defense": 250,
        "health": 700
    },
    "monster_mage_red": {
        "attack": 170,
        "defense": 400,
        "health": 820
    },

    "monster_skeleton_soldier": {
        "attack": 85,
        "defense": 0,
        "health": 75
    },
    "monster_skeleton_warrior": {
        "attack": 140,
        "defense": 15,
        "health": 220
    },
    "monster_skeleton_warrior_red": {
        "attack": 230,
        "defense": 25,
        "health": 330
    },
    "monster_skeleton_armor": {
        "attack": 275,
        "defense": 180,
        "health": 600
    },

    "monster_orc_soldier": {
        "attack": 105,
        "defense": 23,
        "health": 135
    },
    "monster_orc_warrior": {
        "attack": 370,
        "defense": 250,
        "health": 680
    },

    "monster_stone": {
        "attack": 60,
        "defense": 60,
        "health": 80
    },

    "monster_shadow": {
        "attack": 95,
        "defense": 35,
        "health": 115
    },

    "monster_sentinel": {
        "attack": 55,
        "defense": 25,
        "health": 95
    },
    "monster_sentinel_blue": {
        "attack": 330,
        "defense": 270,
        "health": 750
    },
    "monster_sentinel_red": {
        "attack": 800,
        "defense": 500,
        "health": 1200
    },

    "monster_ranger": {
        "attack": 240,
        "defense": 125,
        "health": 580
    },

    "monster_crusader": {
        "attack": 20,
        "defense": 35,
        "health": 135
    },
    "monster_knight": {
        "attack": 125,
        "defense": 35,
        "health": 175
    },
    "monster_knight_red": {
        "attack": 730,
        "defense": 550,
        "health": 1050
    },
    "monster_knight_black": {
        "attack": 960,
        "defense": 720,
        "health": 1620
    },

    "monster_calvary_red": {
        "attack": 195,
        "defense": 125,
        "health": 440
    },
    "monster_calvary_blue": {
        "attack": 680,
        "defense": 370,
        "health": 960
    },

    "monster_dark_lord": {
        "attack": 805,
        "defense": 640,
        "health": 900
    },

    "monster_slime_light": {
        "attack": 565,
        "defense": 345,
        "health": 1230
    },

    "monster_skeleton_warrior_pink": {
        "attack": 400,
        "defense": 280,
        "health": 750
    },

    "monster_bat_pink": {
        "attack": 995,
        "defense": 750,
        "health": 1150
    },

    "monster_stone_dark": {
        "attack": 400,
        "defense": 400,
        "health": 800
    },

    "monster_orc_warrior_green": {
        "attack": 805,
        "defense": 640,
        "health": 900
    },

    "monster_calvary_dark": {
        "attack": 600,
        "defense": 360,
        "health": 700
    },
    "monster_calvary_yellow": {
        "attack": 650,
        "defense": 400,
        "health": 800
    },
    "monster_calvary_cyan": {
        "attack": 130,
        "defense": 200,
        "health": 690
    },
    "monster_knight_blue": {
        "attack": 365,
        "defense": 240,
        "health": 730
    }
}