{
    "comment": [
        "a map for sprite info"
    ],
    "config_character_sage": ["Welcome,", "I have ", "waited in", "the tower", "for many", "years.", "Please", "save our", "princess."],
    "config_character_merchant": ["I should", "sell you", "something,", "but I do", "not have", "anything", "in storage", "right now."],
    "config_character_warrior": ["I am a", "thief, in", "no ways", "I would", "give any", "of my", "keys to", "you."],
    "config_character_fairy": ["Hi brave,", "I would", "help you", "in any", "ways only", "if I got", "my magic", "back."],
    "config_character_princess": ["You think", "I am the", "princess?", "You fool!", "I am an", "illusion", "created", "by the", "dark king."],
    "item_sword_1": ["Iron"],
    "item_sword_2": ["Steel"],
    "item_sword_3": ["Silver"],
    "item_shield_1": ["Iron"],
    "item_shield_2": ["Steel"],
    "item_shield_3": ["Silver"],
    "item_key_yellow": [0],
    "item_key_blue": [1],
    "item_key_red": [2],
    "item_key_chest": [3],
    "config_door_yellow": [0],
    "config_door_blue": [1],
    "config_door_red": [2],
    "config_door_chest": [3],

    "monster_slime_cyan": ["Slime Cyan"],
    "monster_slime_red": ["Slime Red"],
    "monster_slime_black": ["Slime Black"],
    "monster_slime_king": ["Slime King"],
    "monster_bat": ["Bat"],
    "monster_big_bat": ["Bat Sr."],
    "monster_red_bat": ["Bat Red"],
    "monster_vampire": ["Dark King"],
    "monster_sorcerer": ["Wizard"],
    "monster_sorcerer_red": ["Wizard Sr."],
    "monster_mage": ["Mage"],
    "monster_mage_red": ["Mage Sr."],
    "monster_skeleton_soldier": ["Skeleton"],
    "monster_skeleton_warrior": ["Sk. Warrior"],
    "monster_skeleton_warrior_red": ["Sk. Leader"],
    "monster_skeleton_armor": ["Sk. Armor"],
    "monster_orc_soldier": ["Zombie"],
    "monster_orc_warrior": ["Z. Warrior"],
    "monster_stone": ["Stone"],
    "monster_shadow": ["Slime Man"],
    "monster_sentinel": ["Guard Yellow"],
    "monster_sentinel_blue": ["Guard Blue"],
    "monster_sentinel_red": ["Guard Red"],
    "monster_ranger": ["Rogue"],
    "monster_crusader": ["Crusader"],
    "monster_knight": ["Knight"],
    "monster_knight_red": ["Knight Red"],
    "monster_knight_black": ["Knight Black"],
    "monster_calvary_red": ["Sorcerer Red"],
    "monster_calvary_blue": ["Sor. Blue"],
    "monster_dark_lord": ["Bishop"],
    "monster_slime_light": ["Slime Gold"],
    "monster_skeleton_warrior_pink": ["Sk. Elite"],
    "monster_bat_pink": ["Bat Poison"],
    "monster_stone_dark": ["Stone Dark"],
    "monster_orc_warrior_green": ["Z. Elite"],
    "monster_calvary_dark": ["Sor. Dark"],
    "monster_calvary_yellow": ["Sor. Gold"],
    "monster_calvary_cyan": ["Sor. Cyan"],
    "monster_knight_blue": ["Knight Iron"]
}