{
    "comment": [
        "a map from tile ID to actual frames"
    ],
    "config_hero": ["tHERO_FRONT_1", "tHERO_FRONT_2", "tHERO_FRONT_3", "tHERO_FRONT_4"],
    "config_hero_left": ["tHERO_LEFT_1", "tHERO_LEFT_2", "tHERO_LEFT_3", "tHERO_LEFT_4"],
    "config_hero_up": ["tHERO_BACK_1", "tHERO_BACK_2", "tHERO_BACK_3", "tHERO_BACK_4"],
    "config_hero_right": ["tHERO_RIGHT_1", "tHERO_RIGHT_2", "tHERO_RIGHT_3", "tHERO_RIGHT_4"],

    "item_key_yellow": ["tICON_KEY_YELLOW"],
    "item_key_blue": ["tICON_KEY_BLUE"],
    "item_key_red": ["tICON_KEY_RED"],
    "item_key_chest": ["tICON_KEY_ALL"],
    "item_sword_1": ["tICON_SWORD_1"],
    "item_sword_2": ["tICON_SWORD_2"],
    "item_sword_3": ["tICON_SWORD_3"],
    "item_shield_1": ["tICON_SHIELD_1"],
    "item_shield_2": ["tICON_SHIELD_2"],
    "item_shield_3": ["tICON_SHIELD_3"],
    "item_jewel_blue": ["tICON_SAPPHIRE"],
    "item_jewel_red": ["tICON_RUBY"],
    "item_potion_red": ["tICON_POTION_RED"],
    "item_potion_blue": ["tICON_POTION_BLUE"],

    "config_floor": ["tMAP_GROUND"],
    "config_brick": ["tMAP_WALL_BROWN"],
    "config_wall_blue": ["tMAP_WALL_LIGHTGRAY"],
    "config_wall_grey": ["tMAP_WALL_DARKGRAY"],

    "config_door_yellow": ["tMAP_DOOR_YELLOW_1"],
    "config_door_blue": ["tMAP_DOOR_RED_1"],
    "config_door_red": ["tMAP_DOOR_BLUE_1"],
    "config_door_chest": ["tMAP_DOOR_SPECIAL_1"],

    "config_door_yellow_open": ["tMAP_DOOR_YELLOW_1", "tMAP_DOOR_YELLOW_2", "tMAP_DOOR_YELLOW_3", "tMAP_DOOR_YELLOW_4"],
    "config_door_blue_open": ["tMAP_DOOR_RED_1", "tMAP_DOOR_RED_2", "tMAP_DOOR_RED_3", "tMAP_DOOR_RED_4"],
    "config_door_red_open": ["tMAP_DOOR_BLUE_1", "tMAP_DOOR_BLUE_2", "tMAP_DOOR_BLUE_3", "tMAP_DOOR_BLUE_4"],
    "config_door_chest_open": ["tMAP_DOOR_SPECIAL_1", "tMAP_DOOR_SPECIAL_2", "tMAP_DOOR_SPECIAL_3", "tMAP_DOOR_SPECIAL_4"],

    "config_stair_down": ["tMAP_STAIR_DOWN"],
    "config_stair_up": ["tMAP_STAIR_UP"],

    "monster_slime_cyan": ["tMON_SLIME_GREEN_1", "tMON_SLIME_GREEN_2", "tMON_SLIME_GREEN_3", "tMON_SLIME_GREEN_4"],
    "monster_slime_red": ["tMON_SLIME_RED_1", "tMON_SLIME_RED_2", "tMON_SLIME_RED_3", "tMON_SLIME_RED_4"],
    "monster_slime_black": ["tMON_SLIME_BLACK_1", "tMON_SLIME_BLACK_2", "tMON_SLIME_BLACK_3", "tMON_SLIME_BLACK_4"],
    "monster_slime_king": ["tMON_SLIME_KING_1", "tMON_SLIME_KING_2", "tMON_SLIME_KING_3", "tMON_SLIME_KING_4"],

    "monster_bat": ["tMON_BAT_1", "tMON_BAT_2", "tMON_BAT_3", "tMON_BAT_4"],
    "monster_big_bat": ["tMON_BAT_LARGE_1", "tMON_BAT_LARGE_2", "tMON_BAT_LARGE_3", "tMON_BAT_LARGE_4"],
    "monster_red_bat": ["tMON_BAT_RED_1", "tMON_BAT_RED_2", "tMON_BAT_RED_3", "tMON_BAT_RED_4"],
    "monster_vampire": ["tMON_DARK_KING_1", "tMON_DARK_KING_2", "tMON_DARK_KING_3", "tMON_DARK_KING_4"],

    "monster_sorcerer": ["tMON_WIZARD_BLUE_1", "tMON_WIZARD_BLUE_2", "tMON_WIZARD_BLUE_3", "tMON_WIZARD_BLUE_4"],
    "monster_sorcerer_red": ["tMON_WIZARD_RED_1", "tMON_WIZARD_RED_2", "tMON_WIZARD_RED_3", "tMON_WIZARD_RED_4"],

    "monster_mage": ["tMON_MAGE_YELLOW_1", "tMON_MAGE_YELLOW_2", "tMON_MAGE_YELLOW_3", "tMON_MAGE_YELLOW_4"],
    "monster_mage_red": ["tMON_MAGE_RED_1", "tMON_MAGE_RED_2", "tMON_MAGE_RED_3", "tMON_MAGE_RED_4"],

    "monster_skeleton_soldier": ["tMON_SKELETON_1", "tMON_SKELETON_2", "tMON_SKELETON_3", "tMON_SKELETON_4"],
    "monster_skeleton_warrior": ["tMON_SKELETON_WARRIOR_1", "tMON_SKELETON_WARRIOR_2", "tMON_SKELETON_WARRIOR_3", "tMON_SKELETON_WARRIOR_4"],
    "monster_skeleton_warrior_red": ["tMON_SKELETON_WARRIOR_YELLOW_1", "tMON_SKELETON_WARRIOR_YELLOW_2", "tMON_SKELETON_WARRIOR_YELLOW_3", "tMON_SKELETON_WARRIOR_YELLOW_4"],
    "monster_skeleton_armor": ["tMON_SKELETON_ARMOR_1", "tMON_SKELETON_ARMOR_2", "tMON_SKELETON_ARMOR_3", "tMON_SKELETON_ARMOR_4"],

    "monster_orc_soldier": ["tMON_ZOMBIE_1", "tMON_ZOMBIE_2", "tMON_ZOMBIE_3", "tMON_ZOMBIE_4"],
    "monster_orc_warrior": ["tMON_ZOMBIE_WARRIOR_1", "tMON_ZOMBIE_WARRIOR_2", "tMON_ZOMBIE_WARRIOR_3", "tMON_ZOMBIE_WARRIOR_4"],

    "monster_stone": ["tMON_STONE_1", "tMON_STONE_2", "tMON_STONE_3", "tMON_STONE_4"],

    "monster_shadow": ["tMON_SHADOW_WARRIOR_1", "tMON_SHADOW_WARRIOR_2", "tMON_SHADOW_WARRIOR_3", "tMON_SHADOW_WARRIOR_4"],

    "monster_sentinel": ["tMON_GUARD_YELLOW_1", "tMON_GUARD_YELLOW_2", "tMON_GUARD_YELLOW_3", "tMON_GUARD_YELLOW_4"],
    "monster_sentinel_blue": ["tMON_GUARD_BLUE_1", "tMON_GUARD_BLUE_2", "tMON_GUARD_BLUE_3", "tMON_GUARD_BLUE_4"],
    "monster_sentinel_red": ["tMON_GUARD_RED_1", "tMON_GUARD_RED_2", "tMON_GUARD_RED_3", "tMON_GUARD_RED_4"],

    "monster_ranger": ["tMON_ROGUE_1", "tMON_ROGUE_2", "tMON_ROGUE_3", "tMON_ROGUE_4"],

    "monster_crusader": ["tMON_SOLDIER_1", "tMON_SOLDIER_2", "tMON_SOLDIER_3", "tMON_SOLDIER_4"],

    "monster_knight": ["tMON_KNIGHT_YELLOW_1", "tMON_KNIGHT_YELLOW_2", "tMON_KNIGHT_YELLOW_3", "tMON_KNIGHT_YELLOW_4"],
    "monster_knight_red": ["tMON_KNIGHT_RED_1", "tMON_KNIGHT_RED_2", "tMON_KNIGHT_RED_3", "tMON_KNIGHT_RED_4"],
    "monster_knight_black": ["tMON_KNIGHT_DARK_1", "tMON_KNIGHT_DARK_2", "tMON_KNIGHT_DARK_3", "tMON_KNIGHT_DARK_4"],

    "monster_calvary_red": ["tMON_SORCERER_RED_1", "tMON_SORCERER_RED_2", "tMON_SORCERER_RED_3", "tMON_SORCERER_RED_4"],
    "monster_calvary_blue": ["tMON_SORCERER_BLUE_1", "tMON_SORCERER_BLUE_2", "tMON_SORCERER_BLUE_3", "tMON_SORCERER_BLUE_4"],

    "monster_dark_lord": ["tMON_BISHOP_1", "tMON_BISHOP_2", "tMON_BISHOP_3", "tMON_BISHOP_4"],

    "monster_slime_light": ["tMON_SLIME_GOLD_1", "tMON_SLIME_GOLD_2", "tMON_SLIME_GOLD_3", "tMON_SLIME_GOLD_4"],

    "monster_skeleton_warrior_pink": ["tMON_SKELETON_WARRIOR_PURPLE_1", "tMON_SKELETON_WARRIOR_PURPLE_2", "tMON_SKELETON_WARRIOR_PURPLE_3", "tMON_SKELETON_WARRIOR_PURPLE_4"],

    "monster_bat_pink": ["tMON_BAT_PURPLE_1", "tMON_BAT_PURPLE_2", "tMON_BAT_PURPLE_3", "tMON_BAT_PURPLE_4"],

    "monster_stone_dark": ["tMON_STONE_DARK_1", "tMON_STONE_DARK_2", "tMON_STONE_DARK_3", "tMON_STONE_DARK_4"],

    "monster_orc_warrior_green": ["tMON_ZOMBIE_GREEN_1", "tMON_ZOMBIE_GREEN_2", "tMON_ZOMBIE_GREEN_3", "tMON_ZOMBIE_GREEN_4"],

    "monster_calvary_dark": ["tMON_SORCERER_DARK_1", "tMON_SORCERER_DARK_2", "tMON_SORCERER_DARK_3", "tMON_SORCERER_DARK_4"],
    "monster_calvary_yellow": ["tMON_SORCERER_GOLD_1", "tMON_SORCERER_GOLD_2", "tMON_SORCERER_GOLD_3", "tMON_SORCERER_GOLD_4"],
    "monster_calvary_cyan": ["tMON_SORCERER_GREEN_1", "tMON_SORCERER_GREEN_2", "tMON_SORCERER_GREEN_3", "tMON_SORCERER_GREEN_4"],

    "monster_knight_blue": ["tMON_KNIGHT_BLUE_1", "tMON_KNIGHT_BLUE_2", "tMON_KNIGHT_BLUE_3", "tMON_KNIGHT_BLUE_4"],

    "config_character_sage": ["tNPC_SAGE_1", "tNPC_SAGE_2", "tNPC_SAGE_3", "tNPC_SAGE_4"],
    "config_character_merchant": ["tNPC_MERCHANT_1", "tNPC_MERCHANT_2", "tNPC_MERCHANT_3", "tNPC_MERCHANT_4"],
    "config_character_warrior": ["tNPC_WARRIOR_1", "tNPC_WARRIOR_2", "tNPC_WARRIOR_3", "tNPC_WARRIOR_4"],
    "config_character_fairy": ["tNPC_FAIRY_1", "tNPC_FAIRY_2", "tNPC_FAIRY_3", "tNPC_FAIRY_4"],
    "config_character_princess": ["tNPC_PRINCESS_1", "tNPC_PRINCESS_2", "tNPC_PRINCESS_3", "tNPC_PRINCESS_4"]
}