{
    "comment": [
        "type info for objects: wall = 0, door = 1, key = 2, item = 3, sword = 4, shield = 5, monster = 6, npc = 7, down = 8, up = 9"
    ],

    "config_brick": 0,
    "config_wall_blue": 0,
    "config_wall_grey": 0,

    "config_door_yellow": 1,
    "config_door_blue": 1,
    "config_door_red": 1,
    "config_door_chest": 1,

    "item_key_yellow": 2,
    "item_key_blue": 2,
    "item_key_red": 2,
    "item_key_chest": 2,

    "item_jewel_blue": 3,
    "item_jewel_red": 3,
    "item_potion_red": 3,
    "item_potion_blue": 3,

    "item_sword_1": 4,
    "item_sword_2": 4,
    "item_sword_3": 4,

    "item_shield_1": 5,
    "item_shield_2": 5,
    "item_shield_3": 5,

    "monster_slime_cyan": 6,
    "monster_slime_red": 6,
    "monster_slime_black": 6,
    "monster_slime_king": 6,
    "monster_bat": 6,
    "monster_big_bat": 6,
    "monster_red_bat": 6,
    "monster_vampire": 6,
    "monster_sorcerer": 6,
    "monster_sorcerer_red": 6,
    "monster_mage": 6,
    "monster_mage_red": 6,
    "monster_skeleton_soldier": 6,
    "monster_skeleton_warrior": 6,
    "monster_skeleton_warrior_red": 6,
    "monster_skeleton_armor": 6,
    "monster_orc_soldier": 6,
    "monster_orc_warrior": 6,
    "monster_stone": 6,
    "monster_shadow": 6,
    "monster_sentinel": 6,
    "monster_sentinel_blue": 6,
    "monster_sentinel_red": 6,
    "monster_ranger": 6,
    "monster_crusader": 6,
    "monster_knight": 6,
    "monster_knight_red": 6,
    "monster_knight_black": 6,
    "monster_calvary_red": 6,
    "monster_calvary_blue": 6,
    "monster_dark_lord": 6,
    "monster_slime_light": 6,
    "monster_skeleton_warrior_pink": 6,
    "monster_bat_pink": 6,
    "monster_stone_dark": 6,
    "monster_orc_warrior_green": 6,
    "monster_calvary_dark": 6,
    "monster_calvary_yellow": 6,
    "monster_calvary_cyan": 6,
    "monster_knight_blue": 6,

    "config_character_sage": 7,
    "config_character_merchant": 7,
    "config_character_warrior": 7,
    "config_character_fairy": 7,
    "config_character_princess": 7,

    "config_stair_down": 8,

    "config_stair_up": 9
}